39.84002685546875,0.7860981822013855,0.3157925605773926,59.6878547668457,0.687293291091919
24.156150817871094,-0.0531902015209198,33.173309326171875,40.70392990112305,0.6679053902626038
12.703972816467285,0.134006068110466,18.845062255859375,20.072568893432617,0.5067784786224365
11.08747673034668,-0.26532548666000366,0.48186367750167847,24.175430297851562,0.7354594469070435
0.0,0.0,0.0,0.0,0.0
14.772089004516602,0.7266550064086914,0.7368711829185486,22.226871490478516,1.0704301595687866
48.39874267578125,0.7528683543205261,0.2896057069301605,43.236297607421875,0.27376243472099304
18.818222045898438,-0.7458709478378296,0.21246930956840515,60.866554260253906,1.1195318698883057
21.16063690185547,0.1908196061849594,2.5573630332946777,36.76297378540039,0.8374305367469788
0.0,0.0,0.0,0.0,0.0
19.53287124633789,0.1760646551847458,2.4951858520507812,51.37961959838867,1.3042573928833008
0.0,0.0,0.0,0.0,0.0
5.76995849609375,-0.7867249250411987,0.4044509530067444,35.34206771850586,1.8718037605285645
25.93364906311035,0.3363988995552063,0.5104917883872986,66.95305633544922,1.4111864566802979
19.35552215576172,0.012810669839382172,27.541515350341797,44.380821228027344,1.313355803489685
16.688390731811523,0.03419332951307297,21.0926513671875,33.13054656982422,1.2303775548934937
10.583540916442871,-0.43771588802337646,0.35150381922721863,34.879539489746094,1.691087007522583
22.180015563964844,0.21741390228271484,1.656801462173462,54.161983489990234,1.4779105186462402
15.593576431274414,-0.22721299529075623,0.2690287232398987,49.08660888671875,1.6977912187576294
0.0,0.0,0.0,0.0,0.0
14.395415306091309,-0.38146042823791504,0.44150784611701965,33.12275314331055,0.854149580001831
17.32898712158203,-0.6822014451026917,0.18682175874710083,61.8070068359375,1.6150693893432617
31.848163604736328,0.6894011497497559,0.36242565512657166,44.150917053222656,0.6610689163208008
9.21180534362793,-0.5534005761146545,0.42483213543891907,32.17185974121094,1.239572525024414
40.00247573852539,0.3842281103134155,0.42991602420806885,61.26683807373047,0.7835628390312195
6.499148845672607,-0.3440958261489868,0.7397986054420471,14.751533508300781,1.025510549545288
0.0,0.0,0.0,0.0,0.0
30.864681243896484,0.529571533203125,0.3880215287208557,41.98215866088867,0.6573374271392822
15.020256996154785,-0.16792264580726624,10.270793914794922,27.627037048339844,0.7605970501899719
2.803316593170166,-1.0224624872207642,0.42272257804870605,25.062856674194336,1.8810945749282837
6.868033409118652,-0.36076876521110535,0.11772745847702026,28.672122955322266,1.9323066473007202
22.08307647705078,0.23740124702453613,0.9984093308448792,59.044349670410156,1.533623456954956
0.0,0.0,0.0,0.0,0.0
6.137207984924316,-1.2619704008102417,0.33288758993148804,38.00334930419922,1.7533451318740845
24.660478591918945,0.7480887174606323,0.5925420522689819,34.07783126831055,0.6286293268203735
0.10847854614257812,-1.8414671421051025,0.28754234313964844,54.10736083984375,2.624932289123535
22.994844436645508,1.1966279745101929,0.6243313550949097,28.7686824798584,0.9342513084411621
0.40239524841308594,-1.5607742071151733,0.5117453336715698,32.91799545288086,2.607429265975952
0.0,0.0,0.0,0.0,0.0
0.0,0.0,0.0,0.0,0.0
21.794139862060547,-0.03233516216278076,31.45792579650879,37.2197265625,1.1228790283203125
18.12783432006836,-0.1787129044532776,0.36327120661735535,42.105934143066406,1.3049591779708862
11.42227554321289,-0.2630308270454407,0.37821969389915466,34.79751968383789,1.5732614994049072
33.36429214477539,0.43308258056640625,0.38804569840431213,55.1906623840332,1.0810515880584717
9.013505935668945,-0.9323219060897827,0.34241414070129395,52.01226806640625,2.0887277126312256
34.41849136352539,0.9081972241401672,0.38727760314941406,49.74053192138672,0.9563025236129761
41.86751174926758,0.07188333570957184,28.803003311157227,67.81574249267578,0.9190419912338257
43.66925048828125,0.4727109670639038,0.20417210459709167,41.20698928833008,0.2776133120059967
34.5090446472168,-0.4041959047317505,0.21901032328605652,67.17853546142578,0.8237810730934143
0.0,0.0,0.0,0.0,0.0
24.57364273071289,-0.051692232489585876,29.956214904785156,36.93415832519531,0.47701942920684814
23.98163604736328,0.026545174419879913,26.241363525390625,33.21015167236328,0.4572940468788147
25.9940242767334,0.056649349629879,25.137248992919922,35.36088943481445,0.3899694085121155
20.20633888244629,-0.05261611193418503,9.634869575500488,28.82555389404297,0.39904549717903137
0.0,0.0,0.0,0.0,0.0
17.1910400390625,-0.9702051877975464,0.1624566614627838,48.737586975097656,1.0281765460968018
23.156719207763672,0.15436100959777832,16.424625396728516,39.06909942626953,0.6376226544380188
0.0,0.0,0.0,0.0,0.0
17.63198471069336,-0.584840714931488,0.20866826176643372,51.943626403808594,0.9784491658210754
43.14192199707031,0.5443492531776428,0.3878224194049835,39.113162994384766,0.23352226614952087
40.97135925292969,-0.13857576251029968,25.065479278564453,66.83053588867188,0.40840446949005127
48.56522750854492,0.21836569905281067,0.3169001638889313,45.34622573852539,0.18751659989356995
42.760284423828125,-0.07427208125591278,43.921627044677734,56.77851867675781,0.2734749913215637
19.509601593017578,-0.006940692663192749,34.30558776855469,24.977497100830078,0.280937135219574
26.678424835205078,-0.3202921748161316,0.19393783807754517,59.98554229736328,0.6617709994316101
21.440649032592773,0.0357428714632988,25.456707000732422,35.57007598876953,0.5475963950157166
19.86132049560547,-0.4382518231868744,0.20937524735927582,60.46826171875,1.0411635637283325
42.50355529785156,0.48942840099334717,0.3368479013442993,51.24177169799805,0.41236189007759094
6.856290817260742,-0.6474782824516296,0.34919530153274536,26.89008140563965,1.0627827644348145
12.037688255310059,-0.4653521180152893,0.13476429879665375,40.83082962036133,1.3934112787246704
29.63433074951172,0.44703954458236694,0.35180771350860596,52.8710823059082,0.6892821192741394
6.580225467681885,-1.0615458488464355,0.36473026871681213,30.89801788330078,1.7846438884735107
21.88811683654785,0.6043679118156433,0.5663362741470337,38.927406311035156,0.8986127376556396
17.6325740814209,0.35787761211395264,0.6703429222106934,20.41618537902832,0.45169180631637573
26.91634750366211,-0.17683285474777222,3.3701274394989014,50.66458511352539,0.6405293941497803
0.0,0.0,0.0,0.0,0.0
9.97778606414795,-1.1787580251693726,0.2048310786485672,59.57989501953125,1.4457796812057495
6.205537796020508,-0.9962599873542786,0.19974610209465027,42.58903503417969,2.25484299659729
10.019268989562988,0.18959379196166992,3.3104851245880127,39.55555725097656,1.8069299459457397
33.387699127197266,0.7547429203987122,0.37150391936302185,54.77906799316406,0.9467715620994568
4.474196434020996,-1.3799457550048828,0.4085868000984192,30.271684646606445,2.3696274757385254
9.15779972076416,0.40211421251296997,1.0490971803665161,25.931840896606445,1.729001760482788
41.22638702392578,0.7676659822463989,0.26586270332336426,69.45689392089844,0.9136489033699036
17.160385131835938,-0.35075142979621887,0.3959522843360901,47.58771514892578,1.2383242845535278
36.7437629699707,0.7966345548629761,0.39598268270492554,37.272769927978516,0.2564495801925659
14.770071029663086,-0.6864593625068665,0.24306564033031464,44.437217712402344,1.011178731918335
9.521544456481934,-0.8100142478942871,0.20413744449615479,36.667335510253906,1.7369550466537476
8.593915939331055,-0.9207307696342468,0.2884029150009155,21.51111602783203,2.47725248336792
28.54671859741211,0.9229739308357239,0.5201559662818909,52.93899917602539,1.2175321578979492
10.317797660827637,-0.6743425726890564,0.35182276368141174,49.602447509765625,1.918841004371643
21.901830673217773,0.25559550523757935,2.383514404296875,58.33850860595703,1.6686779260635376
37.118934631347656,0.6015663743019104,0.2518298923969269,62.031036376953125,0.9676685333251953
12.584874153137207,-0.8050753474235535,0.30537399649620056,50.44070816040039,1.8535101413726807
31.701335906982422,0.8946903347969055,0.4518893361091614,35.272552490234375,0.7103477716445923
0.0,0.0,0.0,0.0,0.0
0.0,0.0,0.0,0.0,0.0
7.959840774536133,-1.305380940437317,0.2948358952999115,23.04930877685547,1.5178803205490112
12.337581634521484,-0.8650462627410889,0.09084838628768921,55.22959899902344,1.920751690864563
10.52403450012207,-0.7839868664741516,0.24525274336338043,35.688777923583984,2.3208115100860596
25.284414291381836,1.0026134252548218,0.4763084650039673,37.837669372558594,0.9789031147956848
33.08930206298828,-0.0752638429403305,4.3210954666137695,68.46867370605469,1.1242486238479614
15.19805908203125,-0.27434223890304565,0.42159998416900635,42.094017028808594,1.365494966506958
34.79153060913086,0.5922139883041382,0.3470986783504486,51.48373794555664,0.6979731321334839
5.682143211364746,-1.2256221771240234,0.350679486989975,49.33702850341797,1.9576879739761353
0.0,0.0,0.0,0.0,0.0
7.4617509841918945,-1.0382602214813232,0.22273725271224976,41.402870178222656,3.5208370685577393
4.676714897155762,0.31641674041748047,1.559468150138855,13.277838706970215,2.8539628982543945
3.51969838142395,-0.24643316864967346,2.116860866546631,14.723190307617188,3.125049114227295
11.969926834106445,0.49098217487335205,0.9778640866279602,49.64373779296875,2.667269468307495
18.916006088256836,0.8066325187683105,0.4846703112125397,30.30261993408203,1.6947261095046997
4.310727119445801,-1.031617522239685,0.516231894493103,42.292823791503906,2.935544490814209
16.65898895263672,0.32792770862579346,1.2423633337020874,56.7061653137207,2.5757715702056885
15.365533828735352,0.7094050049781799,0.5049569606781006,22.94487190246582,1.6310087442398071
0.0,0.0,0.0,0.0,0.0
0.0,0.0,0.0,0.0,0.0
16.042457580566406,-0.4611195921897888,0.38852834701538086,50.68042755126953,1.9901564121246338
0.0,0.0,0.0,0.0,0.0
42.76247024536133,0.9715390205383301,0.3876851201057434,39.2709846496582,0.35031911730766296
6.907312393188477,-1.4479660987854004,0.2763976752758026,40.5457649230957,1.879041075706482
6.842774868011475,-0.7105840444564819,0.1852407306432724,31.73663330078125,2.272437334060669
8.336877822875977,0.23088032007217407,2.085493803024292,18.963041305541992,1.730102777481079
15.311019897460938,-0.035699017345905304,2.853761672973633,41.540382385253906,1.7968040704727173
25.524858474731445,0.9582871198654175,0.5103721022605896,25.04880142211914,0.6876274347305298
0.0,0.0,0.0,0.0,0.0
0.0,0.0,0.0,0.0,0.0
26.192859649658203,0.07840816676616669,58.36552810668945,26.260848999023438,0.22074662148952484
0.0,0.0,0.0,0.0,0.0
12.920036315917969,-0.007653228938579559,3.3674161434173584,29.195796966552734,1.0024430751800537
46.49616241455078,0.6456480622291565,0.34115469455718994,44.22282409667969,0.30119043588638306
0.0,0.0,0.0,0.0,0.0
35.60978698730469,1.062561273574829,0.5189661383628845,52.655582427978516,0.8601773381233215
8.66400146484375,-0.8506826758384705,0.36678436398506165,40.809837341308594,1.7184388637542725
2.3476181030273438,-1.1574476957321167,0.24479790031909943,52.90827178955078,2.8876261711120605
22.41160774230957,1.4978666305541992,0.7211233377456665,22.7889347076416,0.8811687231063843
0.0,0.0,0.0,0.0,0.0
15.253047943115234,-0.26532894372940063,0.4398235082626343,27.76646614074707,0.5749305486679077
39.76803207397461,0.0974898636341095,49.49884033203125,60.8418083190918,0.5124129056930542
18.73519515991211,0.0681910514831543,85.71405029296875,30.871341705322266,0.361066997051239
11.40008544921875,-1.3466098308563232,0.2749820053577423,26.25505828857422,1.7216876745224
6.163166046142578,-1.2053101062774658,0.3377559185028076,26.29467010498047,2.5870907306671143
0.0,0.0,0.0,0.0,0.0
18.208324432373047,-0.6896803379058838,0.2825447618961334,57.60383987426758,1.3165467977523804
38.16940689086914,0.6108703017234802,0.3284526765346527,46.33342742919922,0.5633012652397156
36.342811584472656,-0.025056108832359314,38.55864334106445,56.143707275390625,0.6202554106712341
0.0,0.0,0.0,0.0,0.0
0.0,0.0,0.0,0.0,0.0
12.851799964904785,0.4096394181251526,1.7273863554000854,49.0560302734375,1.9039949178695679
19.590578079223633,0.1877104938030243,0.7419711947441101,55.16340637207031,1.7223045825958252
23.03012466430664,0.1465294063091278,2.435187578201294,58.14398193359375,1.6157830953598022
10.626480102539062,-0.4828907251358032,0.3951660692691803,49.288108825683594,2.1081748008728027
35.45460510253906,0.8595553636550903,0.40401163697242737,55.0050163269043,1.1008399724960327
6.84024715423584,-0.8977921009063721,0.4877045154571533,32.503578186035156,1.9830238819122314
10.004447937011719,-0.5204419493675232,0.10977675765752792,46.6796875,2.444298505783081
11.701979637145996,0.015851452946662903,45.432254791259766,32.35332489013672,2.1346678733825684
23.46491050720215,0.6299309134483337,0.4119146764278412,43.02590560913086,1.437235713005066
0.0,0.0,0.0,0.0,0.0
19.540050506591797,-0.6337541341781616,0.26349830627441406,55.699310302734375,1.7964303493499756
14.687734603881836,0.5058059692382812,0.49205508828163147,21.663150787353516,1.0622674226760864
0.0,0.0,0.0,0.0,0.0
41.09608459472656,-0.22071358561515808,3.8535401821136475,66.947265625,0.7159713506698608
0.0,0.0,0.0,0.0,0.0
40.857234954833984,0.9169286489486694,0.45050451159477234,47.92655944824219,0.626559317111969
0.0,0.0,0.0,0.0,0.0
0.0,0.0,0.0,0.0,0.0
17.28895378112793,0.8373079895973206,0.7239723205566406,25.544828414916992,0.9626237154006958
0.0,0.0,0.0,0.0,0.0
12.827467918395996,0.003565192222595215,21.952411651611328,16.80514907836914,0.6301113367080688
41.3478889465332,0.1197974756360054,47.20848083496094,61.54890441894531,0.570488452911377
14.228704452514648,-0.7268081903457642,0.2503092885017395,47.425636291503906,1.2620216608047485
38.168785095214844,0.8386270403862,0.5019804835319519,42.290531158447266,0.13312366604804993
-0.1686854362487793,-2.0324156284332275,0.25143423676490784,34.42355728149414,2.1228322982788086
0.0,0.0,0.0,0.0,0.0
0.0,0.0,0.0,0.0,0.0
36.35814666748047,0.7361834049224854,0.3158129155635834,53.17362976074219,0.7018291354179382
10.813974380493164,-0.24375644326210022,1.0666813850402832,24.0508975982666,0.8769357800483704
0.0,0.0,0.0,0.0,0.0
0.0,0.0,0.0,0.0,0.0
31.27989387512207,0.04368072748184204,40.20634078979492,29.540790557861328,0.1753687709569931
0.0,0.0,0.0,0.0,0.0
22.041698455810547,0.49787431955337524,1.0513975620269775,60.59575271606445,1.4161328077316284
0.0,0.0,0.0,0.0,0.0
15.529754638671875,-0.9485202431678772,0.19663861393928528,52.51415252685547,1.1753274202346802
10.104110717773438,-0.8290998935699463,0.24035730957984924,33.4412956237793,1.841714859008789
21.05631446838379,0.4493565559387207,0.6276835799217224,44.84640121459961,1.152859091758728
26.671297073364258,0.6043988466262817,0.4071722626686096,29.2207088470459,0.4090305268764496
6.174423694610596,-1.0255334377288818,0.3667091429233551,28.242435455322266,1.5088566541671753
8.013108253479004,-0.00913555920124054,2.6959636211395264,19.663043975830078,1.2402548789978027
33.70843505859375,0.7332014441490173,0.3640424609184265,47.470218658447266,0.4624880254268646
25.170591354370117,-0.3040487766265869,0.31593090295791626,51.98728942871094,0.7882276177406311
7.141811847686768,-0.5045165419578552,0.40466898679733276,24.374542236328125,1.2550771236419678
13.356977462768555,-0.6994175314903259,0.10574895143508911,53.77553939819336,1.8968099355697632
38.0034294128418,0.7951918244361877,0.32532885670661926,55.024112701416016,0.6508592963218689
8.620975494384766,-0.4841185510158539,0.48100605607032776,24.13116455078125,1.0955536365509033
16.639678955078125,-0.08879013359546661,2.478302240371704,43.191131591796875,1.1156197786331177
24.164867401123047,-0.02849140763282776,14.022074699401855,63.31596374511719,1.2496005296707153
14.123458862304688,-0.05170919746160507,18.345840454101562,33.43211364746094,1.2606048583984375
-0.7041969299316406,-1.4723217487335205,0.33156684041023254,50.0723762512207,2.9052343368530273
11.17579460144043,0.5711336135864258,0.9633877873420715,29.41782569885254,2.038081169128418
8.294236183166504,-0.4704641103744507,0.2922753095626831,52.93647384643555,2.626972198486328
2.533998489379883,-0.5365313291549683,0.6722649931907654,13.43890380859375,3.076788902282715
8.990224838256836,0.37226179242134094,1.180851936340332,35.44669723510742,2.6357481479644775
0.0,0.0,0.0,0.0,0.0
7.411627769470215,-0.479706734418869,0.8195765018463135,18.61604881286621,1.7134350538253784
16.175569534301758,0.6957465410232544,0.6749982833862305,17.956085205078125,0.8900042772293091
34.15690994262695,-0.032745204865932465,5.809477806091309,54.94792175292969,1.0896384716033936
0.0,0.0,0.0,0.0,0.0
5.601313591003418,-1.115831732749939,0.4052787721157074,32.457557678222656,1.890591025352478
20.786514282226562,0.1679617017507553,3.05635929107666,59.192874908447266,1.6080681085586548
6.969718933105469,-0.24232526123523712,0.6371403932571411,24.313533782958984,1.7932641506195068
36.41585159301758,0.6083877086639404,0.351032018661499,69.2294692993164,1.188284993171692
34.118980407714844,0.07434619218111038,26.379695892333984,58.78256607055664,1.0660274028778076
31.216991424560547,0.05276674032211304,24.129531860351562,50.88417053222656,0.936078667640686
31.250408172607422,0.04494171589612961,32.007911682128906,51.89234161376953,0.8583318591117859
23.573490142822266,-0.2961493134498596,0.35526174306869507,55.841217041015625,1.1422083377838135
35.99873733520508,0.39441677927970886,0.3047637939453125,53.791751861572266,0.6796630024909973
0.0,0.0,0.0,0.0,0.0
29.490678787231445,0.06771291792392731,68.4346694946289,43.06072998046875,0.37310078740119934
21.882265090942383,-0.11012305319309235,23.123422622680664,33.71175765991211,0.4217441976070404
10.757964134216309,-1.3394930362701416,0.31221264600753784,29.28338050842285,1.8681849241256714
0.0,0.0,0.0,0.0,0.0
10.884751319885254,-0.40141838788986206,0.3814215660095215,25.043474197387695,0.6823469400405884
27.544147491455078,-0.44183117151260376,0.08778823912143707,62.89582824707031,1.1114758253097534
12.973981857299805,0.13174358010292053,2.97688364982605,17.2429141998291,0.7241218686103821
0.0,0.0,0.0,0.0,0.0
1.7582693099975586,-1.730923056602478,0.260544091463089,44.36222457885742,2.19185471534729
13.308191299438477,0.3226678967475891,1.0080584287643433,34.00495147705078,1.3862732648849487
0.0,0.0,0.0,0.0,0.0
9.555416107177734,0.39347580075263977,1.373590350151062,43.663963317871094,2.261023759841919
0.0,0.0,0.0,0.0,0.0
8.02471923828125,-0.5363674759864807,0.35871896147727966,59.15513610839844,2.606438159942627
0.0,0.0,0.0,0.0,0.0
0.0,0.0,0.0,0.0,0.0
21.923620223999023,-0.16453683376312256,3.5122413635253906,33.957183837890625,0.6737031936645508
6.321051120758057,-1.464031457901001,0.3886241316795349,24.462675094604492,2.229997396469116
7.278548717498779,-0.4419475495815277,0.098963662981987,33.276390075683594,2.2344584465026855
5.850546836853027,-0.6244685649871826,0.1708802580833435,42.63199234008789,2.647944450378418
8.821630477905273,0.3570309281349182,0.8370368480682373,19.4644832611084,1.954158902168274
0.0,0.0,0.0,0.0,0.0
0.0,0.0,0.0,0.0,0.0
23.58342742919922,0.8022240996360779,0.47692373394966125,42.93995666503906,1.4060300588607788
15.670924186706543,-0.07836901396512985,24.655017852783203,32.44692611694336,1.43947434425354
31.96570587158203,0.5705627202987671,0.3039174973964691,42.592918395996094,0.8253998756408691
18.1230525970459,-0.215964213013649,8.456208229064941,34.0402717590332,1.0096725225448608
40.33383560180664,0.1613951325416565,4.214735507965088,70.89889526367188,1.026024341583252
22.43950653076172,-0.10617557913064957,3.515825033187866,41.56123733520508,0.991003155708313
7.479955673217773,-0.5779250264167786,0.4791417121887207,26.986888885498047,1.5803229808807373
30.714027404785156,0.6869328618049622,0.48243001103401184,41.94935607910156,0.7271394729614258
17.930513381958008,-0.039790354669094086,21.385374069213867,27.458301544189453,0.7065188884735107
0.0,0.0,0.0,0.0,0.0
18.64990234375,-0.8250897526741028,0.2045585811138153,59.53017807006836,1.2965507507324219
0.0,0.0,0.0,0.0,0.0
0.0,0.0,0.0,0.0,0.0
34.56187438964844,-0.1127084493637085,49.46113204956055,49.60687255859375,0.3314860463142395
47.406368255615234,0.15452909469604492,5.472253799438477,42.759883880615234,0.23629909753799438
12.901250839233398,-1.2646348476409912,0.14749673008918762,62.10240936279297,1.5082987546920776
29.845890045166016,0.6846423149108887,0.48594900965690613,30.159948348999023,0.33044320344924927
19.678518295288086,0.009659826755523682,72.7991714477539,37.553951263427734,0.33308205008506775
16.51689338684082,-0.9060114622116089,0.1957682967185974,60.31537628173828,1.2903064489364624
5.018856525421143,-0.7336063981056213,0.2945420444011688,30.054855346679688,1.8651719093322754
34.83726119995117,0.7114878296852112,0.4087207615375519,58.96451187133789,0.8728062510490417
8.663379669189453,-0.5193766355514526,0.4586476683616638,31.92074203491211,1.346946358680725
0.0,0.0,0.0,0.0,0.0
35.485992431640625,0.6424147486686707,0.32448387145996094,51.908111572265625,0.7835153937339783
46.94797134399414,0.43898046016693115,0.2478991448879242,44.52751541137695,0.28206950426101685
2.4437313079833984,-1.5594298839569092,0.28871873021125793,36.94933319091797,1.8980789184570312
6.635860919952393,0.10349738597869873,12.856790542602539,19.050495147705078,1.4011121988296509
47.81365203857422,1.0042613744735718,0.44410771131515503,41.606266021728516,0.2813158929347992
25.692100524902344,-0.5348532199859619,0.21505554020404816,58.62165451049805,0.839148759841919
39.00008010864258,0.050116389989852905,35.47488784790039,72.06604766845703,0.7430239319801331
8.211211204528809,-0.5377283692359924,0.3755688965320587,30.464962005615234,1.2345695495605469
44.72135543823242,0.7428213953971863,0.39909785985946655,40.96272277832031,0.2950325012207031
2.9111011028289795,-0.9566397666931152,0.42583441734313965,16.1843204498291,1.2397147417068481
0.0,0.0,0.0,0.0,0.0
17.320837020874023,-0.07033215463161469,31.136043548583984,22.745040893554688,0.17873334884643555
0.0,0.0,0.0,0.0,0.0
3.7834625244140625,-1.6313709020614624,0.2258382886648178,39.48155975341797,2.144123077392578
11.584633827209473,0.06758257001638412,6.212108612060547,51.42489242553711,1.6179412603378296
23.66603660583496,0.43996432423591614,0.33780819177627563,55.111656188964844,1.2036181688308716
12.90495491027832,0.00625687837600708,24.298500061035156,23.65878677368164,1.1048747301101685
0.0,0.0,0.0,0.0,0.0
21.796321868896484,-0.045562878251075745,30.920616149902344,44.766395568847656,0.9584454894065857
5.458446502685547,-0.3699101209640503,0.7038804888725281,16.503673553466797,1.2844703197479248
3.062016487121582,-1.0375514030456543,0.2803327143192291,38.36667251586914,2.3556106090545654
0.0,0.0,0.0,0.0,0.0
0.0,0.0,0.0,0.0,0.0
0.0,0.0,0.0,0.0,0.0
4.367865562438965,-1.6135144233703613,0.21894122660160065,55.436500549316406,2.002889633178711
31.02283477783203,0.7530562281608582,0.5137622356414795,48.0683708190918,0.7822656035423279
0.0,0.0,0.0,0.0,0.0
15.81584358215332,-0.8021125793457031,0.22493106126785278,51.182769775390625,1.0822817087173462
0.0,0.0,0.0,0.0,0.0
21.125011444091797,-0.6761116981506348,0.158964604139328,51.72039794921875,0.8055344223976135
0.0,0.0,0.0,0.0,0.0
17.373037338256836,-0.10829798132181168,18.29659652709961,27.621753692626953,0.3609016537666321
16.004560470581055,-0.6892563104629517,0.16026046872138977,52.97306442260742,1.158172607421875
15.332479476928711,-0.06026372313499451,20.77653694152832,42.44383239746094,1.0090349912643433
14.032281875610352,-0.0010039657354354858,29.23147201538086,35.052268981933594,1.0313762426376343
13.114032745361328,-0.5903477668762207,0.17751911282539368,61.0947380065918,1.719003677368164
44.676822662353516,1.0541081428527832,0.3809271454811096,41.07463455200195,0.2963673770427704
17.009706497192383,-0.32453256845474243,0.3365767300128937,34.25459289550781,0.6240092515945435
0.0,0.0,0.0,0.0,0.0
10.662955284118652,0.04950222373008728,7.778563976287842,15.834354400634766,0.8402445316314697
7.479482173919678,-0.13568733632564545,2.292393445968628,14.013590812683105,0.9320333003997803
3.950446128845215,-0.527815043926239,0.5413490533828735,16.758651733398438,1.5071488618850708
19.77912712097168,0.5578135251998901,0.5794659852981567,29.921627044677734,0.7476054430007935
0.0,0.0,0.0,0.0,0.0
28.460203170776367,0.037297435104846954,29.784944534301758,42.421241760253906,0.5486225485801697
17.647016525268555,-0.06941170990467072,20.965221405029297,30.91678237915039,0.5736484527587891
0.0,0.0,0.0,0.0,0.0
0.0,0.0,0.0,0.0,0.0
0.0,0.0,0.0,0.0,0.0
0.0,0.0,0.0,0.0,0.0
20.8068790435791,-0.17276141047477722,2.4222748279571533,49.55964660644531,0.7979280948638916
11.39181137084961,-0.3947986364364624,0.26942965388298035,38.873207092285156,1.2721035480499268
19.648258209228516,0.28812530636787415,0.5169462561607361,36.603660583496094,0.8735963106155396
18.303083419799805,-0.356767863035202,0.19828805327415466,56.559329986572266,1.3022820949554443
27.775808334350586,0.1981528103351593,0.38369807600975037,58.24907684326172,1.0110313892364502
0.0,0.0,0.0,0.0,0.0
0.0,0.0,0.0,0.0,0.0
26.17022132873535,0.027368351817131042,68.36293029785156,44.75229263305664,0.32038605213165283
41.36090087890625,-0.01517275720834732,48.620811462402344,58.34899139404297,0.33895355463027954
30.291927337646484,-0.10635384172201157,26.09869956970215,52.482688903808594,0.44179585576057434
22.840103149414062,-0.09010376036167145,3.5623624324798584,41.86981201171875,0.5477376580238342
9.52387523651123,-0.0778077095746994,17.27828598022461,17.206775665283203,0.6083108186721802
0.0,0.0,0.0,0.0,0.0
8.427935600280762,-1.0833770036697388,0.21013446152210236,37.824867248535156,1.2563800811767578
26.47162437438965,0.18814495205879211,3.461263656616211,57.868961334228516,0.7874550223350525
11.86449146270752,-0.1622220277786255,2.0612716674804688,28.702491760253906,0.8521515130996704
34.27667236328125,0.3809376358985901,0.375893771648407,48.982666015625,0.5000419020652771
26.13934326171875,-0.34196141362190247,0.23694409430027008,65.20365905761719,0.8923520445823669
0.0,0.0,0.0,0.0,0.0
12.845102310180664,-0.11888597905635834,13.002243995666504,19.1070613861084,0.22189518809318542
0.0,0.0,0.0,0.0,0.0
9.024134635925293,-0.23308439552783966,1.1590195894241333,20.761018753051758,0.3658101558685303
24.453712463378906,0.13712148368358612,66.65507507324219,35.723388671875,0.28411346673965454
16.00650405883789,-0.6604655981063843,0.19524234533309937,52.51066207885742,0.950342059135437
11.675850868225098,-0.14849208295345306,1.7723195552825928,35.804359436035156,0.8951642513275146
6.057657241821289,-0.35311758518218994,0.4045061469078064,22.938682556152344,1.2941797971725464
26.65233039855957,0.7697516679763794,0.47172656655311584,30.41086196899414,0.36253097653388977
0.0,0.0,0.0,0.0,0.0
0.0,0.0,0.0,0.0,0.0
22.258378982543945,-0.04207263141870499,36.43389892578125,36.35905075073242,0.5265215039253235
1.983449935913086,-1.2997534275054932,0.3016987442970276,38.498085021972656,1.8962262868881226
0.0,0.0,0.0,0.0,0.0
16.171594619750977,-0.46403229236602783,0.2674828767776489,38.7497444152832,0.662122368812561
26.130481719970703,-0.3098982572555542,0.14370910823345184,62.90026092529297,0.9273409843444824
0.0,0.0,0.0,0.0,0.0
32.08298110961914,-0.06653357297182083,27.430591583251953,44.56923294067383,0.3147682547569275
0.0,0.0,0.0,0.0,0.0
9.83573055267334,-0.12947794795036316,2.548665761947632,15.04362678527832,0.22676821053028107
37.4112434387207,-0.08707477897405624,13.217205047607422,61.71601104736328,0.39269253611564636
0.0,0.0,0.0,0.0,0.0
40.89199447631836,-0.00521044060587883,6.816689968109131,40.079410552978516,0.17624875903129578
0.0,0.0,0.0,0.0,0.0
11.390641212463379,-0.49337315559387207,0.2094225138425827,38.6129264831543,0.8743680715560913
6.6094560623168945,-0.07912056148052216,13.599936485290527,15.317131042480469,0.755473792552948
34.65091323852539,0.3609718680381775,0.4241827428340912,51.7545166015625,0.4250794053077698
10.256874084472656,-1.0921093225479126,0.3428054451942444,22.833152770996094,1.534921646118164
0.0,0.0,0.0,0.0,0.0
0.0,0.0,0.0,0.0,0.0
14.306014060974121,-0.24866503477096558,0.2907203435897827,36.05359649658203,0.7321119904518127
19.74527359008789,-0.346322238445282,0.15343225002288818,61.831756591796875,1.0791932344436646
9.727937698364258,0.09551702439785004,8.222009658813477,15.061627388000488,0.8342577219009399
0.0,0.0,0.0,0.0,0.0
18.40205955505371,-0.5931995511054993,0.20353002846240997,45.971927642822266,0.7612341642379761
36.141632080078125,0.11772044003009796,22.854188919067383,58.56181335449219,0.5270028114318848
36.542991638183594,-0.015466824173927307,41.14240264892578,63.760215759277344,0.5225575566291809
36.007957458496094,-0.03664340078830719,36.52629470825195,68.94487762451172,0.5804068446159363
0.0,0.0,0.0,0.0,0.0
0.0,0.0,0.0,0.0,0.0
19.717397689819336,-0.04188647121191025,4.332027435302734,31.54779624938965,0.5005412101745605
30.510318756103516,-0.04606795310974121,4.794348239898682,56.70547866821289,0.5821702480316162
21.745731353759766,-0.07926584780216217,34.22758102416992,46.500484466552734,0.6694674491882324
26.57624053955078,0.07612179964780807,22.578243255615234,47.80881118774414,0.6399785280227661
6.9276275634765625,-1.1257245540618896,0.40159234404563904,25.76074981689453,1.761176586151123
21.98366355895996,0.39966529607772827,0.9569852352142334,60.897300720214844,1.1283923387527466
43.64976119995117,0.7093056440353394,0.33320504426956177,38.602256774902344,0.2547333240509033
23.708337783813477,-0.1400735229253769,23.575862884521484,40.18047332763672,0.4156423509120941
34.01982879638672,0.03462173789739609,34.54007339477539,51.420570373535156,0.443386435508728
19.802749633789062,-0.4717866778373718,0.20185600221157074,61.46113586425781,0.9448318481445312
19.574827194213867,0.3642634451389313,0.40408140420913696,28.122461318969727,0.4274546802043915
0.0,0.0,0.0,0.0,0.0
23.87139892578125,-0.543152391910553,0.14940902590751648,59.19947814941406,0.6648023128509521
2.753368377685547,-1.2461585998535156,0.2081744521856308,46.51812744140625,1.825473666191101
43.639007568359375,1.0790419578552246,0.43851804733276367,42.536136627197266,0.21903914213180542
18.250011444091797,-0.042247384786605835,35.02587890625,23.58440399169922,0.2272787094116211
24.6347713470459,0.07717328518629074,78.44223022460938,27.297752380371094,0.15649433434009552
23.74396324157715,-0.52913498878479,0.15124425292015076,65.62200164794922,0.6908526420593262
0.0,0.0,0.0,0.0,0.0
2.0425305366516113,-0.8654056191444397,0.2594965696334839,30.00845718383789,1.095664381980896
23.661785125732422,0.19589479267597198,1.5383038520812988,51.43106460571289,0.6101894378662109
12.136935234069824,-0.40787774324417114,0.1914091408252716,53.910343170166016,1.0336809158325195
20.869592666625977,0.1956768035888672,2.346841812133789,44.22730255126953,0.7736903429031372
15.994531631469727,-0.12216254323720932,2.7528958320617676,45.324745178222656,0.8329110145568848
19.48238754272461,-0.09082165360450745,3.9427478313446045,62.358848571777344,0.954491376876831
28.230833053588867,0.5016708374023438,0.31582096219062805,42.257877349853516,0.3973177671432495
0.0,0.0,0.0,0.0,0.0
0.0,0.0,0.0,0.0,0.0
15.143742561340332,-0.01305367797613144,32.70983123779297,21.427377700805664,0.3408965766429901
32.65469741821289,-0.0606832429766655,30.75232696533203,62.53251266479492,0.433294415473938
40.50239562988281,0.02421470731496811,34.6935920715332,69.213134765625,0.4387698769569397
3.639280319213867,-0.8223704099655151,0.24637819826602936,50.84392547607422,1.2419846057891846
10.26998519897461,0.25118017196655273,1.2416613101959229,20.522977828979492,0.8587008118629456
8.936707496643066,-0.901684045791626,0.26837486028671265,34.168296813964844,1.799514651298523
24.327449798583984,0.6055507659912109,0.4767550826072693,50.06896209716797,0.9185368418693542
0.0,0.0,0.0,0.0,0.0
26.063243865966797,0.061895936727523804,66.73564147949219,42.73616409301758,0.4178639352321625
40.11177444458008,-0.05467802286148071,15.108708381652832,65.6633071899414,0.440983384847641
24.61017608642578,0.11299920082092285,24.45235252380371,24.101139068603516,0.2933063507080078
27.068859100341797,-0.06174229085445404,23.579662322998047,42.73866653442383,0.3091427683830261
10.791882514953613,-0.026180114597082138,19.160383224487305,15.734445571899414,0.3337584137916565
0.0,0.0,0.0,0.0,0.0
0.0,0.0,0.0,0.0,0.0
18.066694259643555,-0.33444154262542725,0.15049025416374207,59.41388702392578,0.7053720355033875
22.319454193115234,0.04528471827507019,3.880808115005493,47.85904312133789,0.5755192637443542
32.67983627319336,0.12365401536226273,24.960960388183594,48.81476974487305,0.443468302488327
27.472843170166016,0.08734890818595886,62.08708572387695,48.42290115356445,0.29460039734840393
23.041099548339844,-0.0159003883600235,40.355377197265625,32.588340759277344,0.2596014142036438
32.204551696777344,0.061078548431396484,5.470576286315918,33.066646575927734,0.21626614034175873
27.74622344970703,0.020075723528862,70.23989868164062,41.43109130859375,0.17925192415714264
42.3282585144043,0.0568547323346138,67.70512390136719,39.05641174316406,0.1080748662352562
23.32221031188965,-0.0043189637362957,27.423734664916992,22.078643798828125,0.08636985719203949
36.844154357910156,-0.06073229759931564,32.630943298339844,55.53920364379883,0.16433162987232208
31.58997344970703,0.00902508944272995,59.10335922241211,45.6873893737793,0.18724040687084198
35.40949630737305,0.061801761388778687,70.05079650878906,37.9747314453125,0.11556512117385864
36.091949462890625,-0.09626249223947525,4.17857027053833,53.50246810913086,0.17023009061813354
11.281136512756348,-0.4870946407318115,0.13771724700927734,52.95792770385742,0.7079816460609436
36.978675842285156,0.13211867213249207,20.111509323120117,62.252227783203125,0.4130159616470337
1.9718165397644043,-0.4548795223236084,0.4655194878578186,22.55314826965332,0.8165313601493835
0.0,0.0,0.0,0.0,0.0
17.722761154174805,-0.013893511146306992,72.70706939697266,27.59134864807129,0.16587230563163757
8.068705558776855,-0.49776986241340637,0.1756124198436737,38.06580352783203,0.6814164519309998
0.0,0.0,0.0,0.0,0.0
29.248422622680664,-0.10619716346263885,25.47932243347168,66.13483428955078,0.41007813811302185
13.689955711364746,-0.050604768097400665,24.199588775634766,34.44218063354492,0.48902490735054016
0.0,0.0,0.0,0.0,0.0
16.1119441986084,-0.14492377638816833,2.8573482036590576,30.922119140625,0.26494061946868896
18.77070426940918,-0.08815938979387283,21.804439544677734,45.96693420410156,0.408311665058136
23.704753875732422,0.041917167603969574,27.12851905822754,40.86505126953125,0.41729870438575745
9.608335494995117,-0.2816877067089081,0.24228952825069427,36.891624450683594,0.6977978944778442
9.801631927490234,0.0375041589140892,17.436756134033203,17.820728302001953,0.5806160569190979
0.0,0.0,0.0,0.0,0.0
0.0,0.0,0.0,0.0,0.0
4.807343482971191,-0.13984441757202148,1.4910998344421387,12.658212661743164,0.23448854684829712
30.436676025390625,-0.051158711314201355,29.1414794921875,57.92462158203125,0.32582801580429077
15.401985168457031,-0.0027888938784599304,22.516399383544922,24.492292404174805,0.35001111030578613
0.0,0.0,0.0,0.0,0.0
0.0,0.0,0.0,0.0,0.0
21.125085830688477,0.02051956206560135,33.8449821472168,40.45473861694336,0.4285116493701935
0.0,0.0,0.0,0.0,0.0
23.216384887695312,-0.3054686486721039,0.16829195618629456,56.36053466796875,0.5094483494758606
3.314908981323242,-0.21145299077033997,1.1912665367126465,15.728031158447266,0.6161905527114868
0.0,0.0,0.0,0.0,0.0
36.316410064697266,0.010273180902004242,39.83694076538086,63.07445526123047,0.39662978053092957
2.899353504180908,-0.5090577602386475,0.3267272710800171,26.366546630859375,0.8929980993270874
45.56807327270508,0.4732297360897064,0.4064970314502716,40.498924255371094,0.2046544849872589
11.542888641357422,-0.05711203068494797,17.80284881591797,16.71435546875,0.23135702311992645
26.65183448791504,-0.06338207423686981,4.093287944793701,45.02675247192383,0.3211483359336853
10.271810531616211,-0.9483224153518677,0.23669373989105225,34.35289001464844,1.3114535808563232
0.0,0.0,0.0,0.0,0.0
41.30170440673828,0.6266818642616272,0.30259090662002563,65.76262664794922,0.5089722275733948
17.712326049804688,0.06173674762248993,21.321670532226562,23.55597496032715,0.39804980158805847
0.0,0.0,0.0,0.0,0.0
6.418995380401611,-0.8168366551399231,0.21672363579273224,31.53750228881836,0.98792964220047
0.0,0.0,0.0,0.0,0.0
34.851261138916016,0.3031468093395233,0.708337128162384,66.6265640258789,0.6767664551734924
3.29996395111084,-0.9442504048347473,0.2644633650779724,36.091209411621094,1.6112369298934937
10.214930534362793,0.07660572975873947,4.150162696838379,53.301902770996094,1.321502685546875
30.281553268432617,0.4560072422027588,0.290804386138916,62.23600769042969,0.8514279127120972
13.680992126464844,-0.007420167326927185,24.232818603515625,24.567590713500977,0.8000829219818115
22.666244506835938,-0.026519566774368286,4.121438503265381,53.00712585449219,0.8479532599449158
40.58613967895508,0.38950979709625244,0.23995548486709595,48.989227294921875,0.41563624143600464
13.611564636230469,-0.3616306483745575,0.2829919159412384,42.98051834106445,0.8206676244735718
0.0,0.0,0.0,0.0,0.0
38.996517181396484,0.7830855250358582,0.3822028338909149,53.47892379760742,0.5896087288856506
0.0,0.0,0.0,0.0,0.0
6.005092620849609,-0.45990893244743347,0.31204578280448914,22.77811050415039,0.6950035691261292
14.20808219909668,-0.630535900592804,0.11403624713420868,59.938697814941406,1.2226165533065796
16.08035659790039,0.14155374467372894,2.770138740539551,34.96940612792969,0.8533885478973389
14.606219291687012,-0.3828691840171814,0.20107713341712952,58.01308822631836,1.2613677978515625
42.162879943847656,0.7652283906936646,0.38690611720085144,37.328880310058594,0.2858644723892212
38.32056427001953,-0.0928560122847557,29.45869255065918,62.28783416748047,0.4043261706829071
27.66794776916504,0.0659809410572052,34.13724136352539,39.19831085205078,0.334485799074173
3.786207675933838,-0.26814156770706177,0.9795180559158325,13.080677032470703,0.5388196706771851
0.0,0.0,0.0,0.0,0.0
5.817287445068359,-0.2724245488643646,0.5255453586578369,17.034975051879883,0.5514234900474548
0.0,0.0,0.0,0.0,0.0
7.543351650238037,-0.770320475101471,0.16756588220596313,38.80912780761719,0.9047859907150269
-0.3210277557373047,-1.1873480081558228,0.23700225353240967,39.162200927734375,1.8047833442687988
39.25811767578125,0.7237010598182678,0.4306548833847046,64.64653015136719,0.5937849879264832
0.0,0.0,0.0,0.0,0.0
3.6080031394958496,-0.3056330382823944,0.9294590353965759,12.962080955505371,0.5376060605049133
40.31651306152344,0.09215986728668213,29.37590789794922,69.02275085449219,0.4516977369785309
5.976578712463379,-0.9082620143890381,0.20545178651809692,49.29005432128906,1.3760229349136353
0.0,0.0,0.0,0.0,0.0
26.744548797607422,0.8139073848724365,0.5277997255325317,25.62761688232422,0.44448918104171753
0.0,0.0,0.0,0.0,0.0
46.86880874633789,-0.021037638187408447,6.474614143371582,41.81144332885742,0.11428342759609222
12.060723304748535,-0.6796021461486816,0.1438221037387848,42.7328987121582,0.8013105988502502
0.0,0.0,0.0,0.0,0.0
6.910269737243652,-1.1198290586471558,0.14036545157432556,56.9534912109375,1.2443516254425049
33.83954620361328,0.23098737001419067,0.5494232177734375,68.7809066772461,0.6074257493019104
7.75187873840332,-0.5347756743431091,0.2543524205684662,39.291358947753906,1.1428989171981812
7.727640151977539,0.03194625675678253,2.9458580017089844,16.71731948852539,0.9660316109657288
18.844484329223633,0.08669963479042053,29.402084350585938,51.77880096435547,0.9199967384338379
11.1366548538208,-0.3007867932319641,0.24179421365261078,41.24287033081055,1.2110353708267212
44.46379089355469,0.6461172103881836,0.3028053045272827,49.66359329223633,0.4046996235847473
19.97764778137207,-0.21810023486614227,0.32747527956962585,44.77784729003906,0.6415767669677734
5.079417705535889,-1.043492078781128,0.2905758321285248,23.917646408081055,1.7011785507202148
8.53547477722168,0.1120627373456955,2.773876190185547,28.917165756225586,1.303660273551941
41.782806396484375,0.7086440920829773,0.33204859495162964,56.48295593261719,0.5269057750701904
26.00257682800293,-0.26488617062568665,0.25778573751449585,65.75460815429688,0.8207895159721375
0.0,0.0,0.0,0.0,0.0
6.457127571105957,-0.21780766546726227,0.8675372004508972,17.285425186157227,0.5769170522689819
17.4984130859375,-0.3857840299606323,0.14485840499401093,54.3328857421875,1.005048394203186
11.528450012207031,0.0060080885887146,23.611928939819336,25.11097526550293,0.8402044773101807
12.737220764160156,-0.4311230182647705,0.21238824725151062,58.270545959472656,1.334068775177002
18.611888885498047,0.024041995406150818,33.545265197753906,55.542579650878906,1.237889289855957
16.861886978149414,0.01466447114944458,3.6076037883758545,46.96969223022461,1.2337942123413086
34.351016998291016,0.3840295970439911,0.29718127846717834,59.650306701660156,0.82332444190979
47.61488342285156,0.4990651309490204,0.21906313300132751,44.9266471862793,0.24056997895240784
24.149290084838867,-0.03137709200382233,33.64310836791992,31.86970329284668,0.3103507161140442
1.1802215576171875,-1.5976052284240723,0.20468196272850037,49.798065185546875,1.9721074104309082
5.446393966674805,0.15141083300113678,1.596541166305542,13.146994590759277,1.3276745080947876
4.8637542724609375,-1.051726222038269,0.23897258937358856,39.12183380126953,2.480663299560547
0.0,0.0,0.0,0.0,0.0
21.2039852142334,0.5602172017097473,0.46913087368011475,56.990699768066406,1.5298726558685303
35.915950775146484,0.4986545443534851,0.24922028183937073,60.83209228515625,0.943916916847229
17.98348045349121,0.0920732319355011,18.89182472229004,24.869375228881836,0.7833918333053589
26.077068328857422,-0.13502906262874603,20.441303253173828,57.889556884765625,0.9190593361854553
36.61153793334961,0.17497578263282776,3.6056761741638184,64.2568130493164,0.820658266544342
33.36705780029297,0.0369996577501297,21.16449737548828,55.81672286987305,0.7249131202697754
34.43955993652344,0.02496178448200226,4.568045616149902,57.23933792114258,0.6822375059127808
11.969548225402832,-0.1444631814956665,13.846814155578613,26.62306022644043,0.7410972118377686
0.0,0.0,0.0,0.0,0.0
7.119289398193359,-0.27495330572128296,0.501609742641449,18.533092498779297,0.44314974546432495
30.702617645263672,-0.03616875410079956,38.39168167114258,56.471885681152344,0.47007641196250916
31.5958251953125,-0.033683598041534424,29.739471435546875,60.178871154785156,0.5577470064163208
2.772489070892334,-0.6008415222167969,0.5476261973381042,16.565156936645508,1.1453601121902466
29.516408920288086,0.19111976027488708,3.5681674480438232,64.39299011230469,0.8455210328102112
36.32231140136719,0.11160766333341599,30.274532318115234,67.41586303710938,0.7353100776672363
0.0,0.0,0.0,0.0,0.0
13.959789276123047,-0.8004521131515503,0.19887487590312958,52.46406173706055,1.1791185140609741
12.020024299621582,0.0034267380833625793,3.8532755374908447,30.959453582763672,0.986619770526886
12.243566513061523,-0.13922244310379028,1.9959412813186646,38.33489227294922,1.1167857646942139
23.49872398376465,0.09002742916345596,24.31859016418457,62.134613037109375,1.1064482927322388
36.732086181640625,0.5749199986457825,0.3081754744052887,39.142181396484375,0.3951645493507385
14.824275970458984,-0.6821710467338562,0.22777925431728363,52.44303894042969,1.1791096925735474
28.828147888183594,0.13240694999694824,3.6967053413391113,63.95763397216797,0.9792504906654358
3.067783832550049,-0.6109239459037781,0.6193759441375732,20.20452117919922,1.5122871398925781
13.325996398925781,0.28693628311157227,4.870711803436279,33.678524017333984,1.1881688833236694
35.231040954589844,0.4852144420146942,0.26656240224838257,51.97836685180664,0.6269005537033081
0.0,0.0,0.0,0.0,0.0
2.3212900161743164,-1.623621940612793,0.20229165256023407,46.53700256347656,1.8556935787200928
33.869659423828125,0.5058907866477966,0.5882889032363892,67.7594985961914,0.8046642541885376
44.18660354614258,0.430381715297699,0.23728790879249573,42.74909973144531,0.2630089223384857
0.0,0.0,0.0,0.0,0.0
22.856916427612305,-0.10444536060094833,3.053602457046509,47.981422424316406,0.6198287010192871
0.0,0.0,0.0,0.0,0.0
0.0,0.0,0.0,0.0,0.0
14.040142059326172,-0.5628263354301453,0.1756572127342224,49.26211929321289,0.9384727478027344
15.489272117614746,0.06968531012535095,22.965261459350586,32.01402282714844,0.6974789500236511
12.260113716125488,-0.46978825330734253,0.2442491054534912,46.29549789428711,1.1987677812576294
10.65989875793457,-0.5907630920410156,0.11277061700820923,57.24586868286133,1.7360785007476807
5.5519514083862305,-0.02603480964899063,2.018951892852783,13.142465591430664,1.4331352710723877
15.300256729125977,0.027057364583015442,4.605855464935303,51.616859436035156,1.4728822708129883
7.0780134201049805,-0.41797488927841187,0.2543323040008545,43.032772064208984,1.9440244436264038
37.621463775634766,0.9246352910995483,0.3707834780216217,54.805049896240234,0.8081874251365662
5.231403350830078,-1.3320786952972412,0.37595248222351074,30.178539276123047,2.1952967643737793
4.835175514221191,0.09552758187055588,1.765714168548584,12.248539924621582,1.860226035118103
31.448997497558594,0.7027109861373901,0.34674930572509766,66.900146484375,1.1203687191009521
28.028274536132812,0.11359915137290955,29.477195739746094,52.265262603759766,0.9528522491455078
15.476591110229492,-0.38647550344467163,0.3028917610645294,49.764183044433594,1.3225394487380981
19.891775131225586,0.6753732562065125,0.5698422193527222,23.68595314025879,0.4501897394657135
3.7154626846313477,-1.0842193365097046,0.4085760712623596,28.847915649414062,1.6305328607559204
22.701677322387695,0.780847430229187,0.7022655010223389,27.713197708129883,0.5981782674789429
1.8966903686523438,-1.6384557485580444,0.34089168906211853,34.311065673828125,2.2811200618743896
0.0,0.0,0.0,0.0,0.0
0.0,0.0,0.0,0.0,0.0
40.00910949707031,-0.04410490393638611,5.297157287597656,46.608402252197266,0.2872689962387085
42.41683578491211,0.12928248941898346,64.71985626220703,39.05777359008789,0.13338977098464966
4.170171737670898,-1.0743643045425415,0.18544325232505798,28.727439880371094,1.1457549333572388
2.2712414264678955,-0.4525202512741089,0.4572417438030243,16.0379638671875,1.0715835094451904
2.492185592651367,-0.6781587600708008,0.34826982021331787,12.925638198852539,1.5931315422058105
15.456714630126953,0.15961316227912903,3.4267804622650146,50.017356872558594,1.2403714656829834
40.52228546142578,0.7005822062492371,0.2827337682247162,56.26310729980469,0.4705647826194763
38.3569221496582,0.06137794256210327,48.452030181884766,53.96095275878906,0.4089272618293762
0.0,0.0,0.0,0.0,0.0
0.0,0.0,0.0,0.0,0.0
30.985279083251953,1.0157569646835327,0.47124364972114563,53.17374801635742,1.0029103755950928
0.0,0.0,0.0,0.0,0.0
12.048788070678711,-0.8889657258987427,0.2266962230205536,55.47586441040039,1.358505368232727
0.0,0.0,0.0,0.0,0.0
27.48480987548828,0.5561760067939758,0.3888412415981293,44.06720733642578,0.8250448703765869
14.601938247680664,-0.044871069490909576,23.008644104003906,24.533321380615234,0.8243781924247742
0.0,0.0,0.0,0.0,0.0
0.0,0.0,0.0,0.0,0.0
31.142261505126953,-0.4562980532646179,0.15500158071517944,61.76355743408203,0.5886403322219849
0.0,0.0,0.0,0.0,0.0
17.3110408782959,-0.26031389832496643,0.2046620398759842,49.60423278808594,0.9881440997123718
0.0,0.0,0.0,0.0,0.0
20.59465789794922,-0.05288832634687424,33.57948303222656,26.489477157592773,0.22811514139175415
23.75922203063965,0.020871583372354507,71.86578369140625,37.358856201171875,0.22802528738975525
8.039758682250977,-0.17328551411628723,6.222163200378418,16.575183868408203,0.32323718070983887
13.257234573364258,-0.6005656719207764,0.1636502742767334,45.109649658203125,1.026374340057373
0.0,0.0,0.0,0.0,0.0
31.98953628540039,-0.048627063632011414,4.413784027099609,59.30904769897461,0.6187739968299866
0.0,0.0,0.0,0.0,0.0
13.172309875488281,-0.38260704278945923,0.29603734612464905,32.79279327392578,0.6235500574111938
18.70339584350586,-0.06741391867399216,28.5992374420166,44.174163818359375,0.6295241713523865
0.0,0.0,0.0,0.0,0.0
5.860752105712891,-0.8587133884429932,0.23330557346343994,26.272823333740234,1.007720947265625
17.082454681396484,-0.06762617826461792,2.589787721633911,43.367618560791016,0.6890200972557068
26.279647827148438,0.08285112679004669,31.124788284301758,54.01591873168945,0.6759427189826965
0.0,0.0,0.0,0.0,0.0
9.206611633300781,-0.9867388010025024,0.145679771900177,38.13665008544922,1.0618782043457031
29.24519920349121,-0.0346372053027153,3.6987717151641846,66.65703582763672,0.6673652529716492
21.89030647277832,0.046404071152210236,30.9554500579834,41.171443939208984,0.6439388394355774
36.35004806518555,0.03189469873905182,5.047277927398682,67.33428192138672,0.6300957798957825
0.0,0.0,0.0,0.0,0.0
12.742945671081543,-0.44740042090415955,0.21752870082855225,50.56782531738281,1.3015402555465698
0.0,0.0,0.0,0.0,0.0
16.163047790527344,0.7132805585861206,0.6265326142311096,18.617002487182617,0.6520081758499146
12.32974910736084,-0.4051371216773987,0.3896982967853546,43.444541931152344,1.2081180810928345
0.0,0.0,0.0,0.0,0.0
33.90131759643555,0.07687996327877045,4.065651893615723,57.26949691772461,0.6976253986358643
3.339810371398926,-1.0092535018920898,0.49722301959991455,20.90144920349121,1.6579123735427856
16.729015350341797,0.6353813409805298,0.7732883095741272,25.43862533569336,0.6904198527336121
13.166399955749512,-0.3905436396598816,0.34362730383872986,43.942569732666016,1.1463021039962769
30.789812088012695,0.48896324634552,0.3113570809364319,46.53889465332031,0.5441299080848694
11.156259536743164,-0.24654477834701538,1.9199222326278687,27.01826286315918,0.7303005456924438
3.1843419075012207,-0.6713743209838867,0.4561758041381836,20.915189743041992,1.4672759771347046
34.19414138793945,0.4762328863143921,0.548812210559845,60.9586067199707,0.769865870475769
21.02266502380371,-0.14905992150306702,2.597792148590088,46.363155364990234,0.8307622671127319
15.581531524658203,0.3818700909614563,0.3968503177165985,25.822237014770508,0.40087759494781494
1.4177379608154297,-1.4641600847244263,0.31465253233909607,35.73561096191406,1.9824564456939697
23.988855361938477,0.7800756692886353,0.5629667639732361,35.04560470581055,0.7134156823158264
0.0,0.0,0.0,0.0,0.0
0.0,0.0,0.0,0.0,0.0
23.040422439575195,-0.04684574156999588,32.5049934387207,47.084922790527344,0.6096293926239014
26.183452606201172,-0.23749461770057678,0.12635213136672974,62.132469177246094,0.9150869250297546
20.676301956176758,-0.10980290919542313,2.6857712268829346,53.03437042236328,0.9192289113998413
3.270646095275879,-0.8968369960784912,0.3174060881137848,42.394676208496094,1.8925273418426514
19.235130310058594,0.36238595843315125,0.8764086961746216,54.19476318359375,1.3499864339828491
15.220076560974121,-0.08511297404766083,2.2756996154785156,46.30805587768555,1.388350248336792
0.0,0.0,0.0,0.0,0.0
15.253593444824219,-0.2625972628593445,0.4282348155975342,49.44822692871094,1.3857231140136719
25.2242488861084,0.3932240903377533,0.4225306510925293,44.72799301147461,0.9255564212799072
0.0,0.0,0.0,0.0,0.0
35.995243072509766,-0.02602895349264145,53.98406219482422,54.26759338378906,0.4306234121322632
0.0,0.0,0.0,0.0,0.0
22.15364646911621,-0.6539934277534485,0.15978091955184937,61.98550796508789,0.8695391416549683
21.105812072753906,-0.027237258851528168,32.72588348388672,48.17326354980469,0.7495672702789307
0.0,0.0,0.0,0.0,0.0
12.602540969848633,-0.9494805335998535,0.21595174074172974,60.410362243652344,1.3459134101867676
14.630231857299805,-0.4908081591129303,0.08596391975879669,59.48252868652344,1.700246810913086
36.325191497802734,1.0105421543121338,0.43780815601348877,38.031524658203125,0.2354266345500946
13.505338668823242,-0.8572034239768982,0.2440914809703827,48.173988342285156,1.1458053588867188
21.76643180847168,0.15409505367279053,16.39563751220703,44.05179977416992,0.8479973077774048
0.0,0.0,0.0,0.0,0.0
27.063222885131836,0.9706541299819946,0.5236527919769287,36.106327056884766,0.7215526103973389
10.432633399963379,-0.5860120058059692,0.46606016159057617,24.313671112060547,1.3259981870651245
2.8406319618225098,-0.8698535561561584,0.47260960936546326,22.415502548217773,2.162397623062134
30.196613311767578,1.2490689754486084,0.6566198468208313,28.562259674072266,0.5177315473556519
21.310882568359375,-0.3883838653564453,0.3421245217323303,53.37488555908203,0.971686065196991
0.0,0.0,0.0,0.0,0.0
17.249420166015625,-0.44504842162132263,0.2392500787973404,44.89738082885742,0.9020534753799438
18.25135040283203,0.17788773775100708,9.36078929901123,27.536441802978516,0.6590847969055176
13.266802787780762,-0.022335201501846313,21.132118225097656,21.2454776763916,0.615906834602356
8.895308494567871,-0.0661516785621643,17.961883544921875,15.2142333984375,0.6489786505699158
7.927643299102783,-0.88584303855896,0.21282418072223663,51.291542053222656,1.6685715913772583
23.3988037109375,0.23645749688148499,1.2895513772964478,62.61420440673828,1.2471922636032104
0.0,0.0,0.0,0.0,0.0
1.0532331466674805,-1.5528761148452759,0.3367631435394287,44.16022491455078,2.6467089653015137
21.036375045776367,1.393151879310608,0.7788563966751099,20.02680206298828,0.8003982305526733
4.736689567565918,-1.4317275285720825,0.523469090461731,28.082136154174805,2.3690993785858154
23.321292877197266,1.0063705444335938,0.5875008702278137,35.92284393310547,1.0332870483398438
19.72789764404297,-0.2844635844230652,0.3786984086036682,56.9221076965332,1.4181652069091797
13.240218162536621,-0.2558453679084778,0.32808437943458557,45.248191833496094,1.6674721240997314
33.689266204833984,0.6516125798225403,0.3374234437942505,55.930702209472656,0.9112091660499573
0.0,0.0,0.0,0.0,0.0
0.0,0.0,0.0,0.0,0.0
12.864823341369629,0.469810426235199,0.9566483497619629,27.94413185119629,1.0338236093521118
0.0,0.0,0.0,0.0,0.0
0.0,0.0,0.0,0.0,0.0
9.46915340423584,-0.34981775283813477,0.4200510084629059,23.33108901977539,0.6569842100143433
0.0,0.0,0.0,0.0,0.0
28.18110466003418,-0.0379091314971447,72.55559539794922,41.00454330444336,0.1592099517583847
17.7357234954834,-0.014117754995822906,37.144874572753906,23.661771774291992,0.17556077241897583
36.43829345703125,0.09809021651744843,73.14253234863281,41.32897186279297,0.07644298672676086
0.0,0.0,0.0,0.0,0.0
0.0,0.0,0.0,0.0,0.0
0.0,0.0,0.0,0.0,0.0
6.873499393463135,-0.42248278856277466,0.4229678511619568,18.073152542114258,0.6705220341682434
16.35282325744629,-0.4949389696121216,0.12959037721157074,48.3300895690918,1.0854065418243408
17.73874282836914,0.3919145464897156,0.512039065361023,25.406795501708984,0.4149641692638397
7.754610061645508,-1.0988318920135498,0.21732491254806519,59.23987579345703,1.6490947008132935
18.599916458129883,0.39957693219184875,0.5988243222236633,39.61814880371094,0.9819095134735107
9.739151954650879,-0.6207553148269653,0.27932679653167725,56.02182388305664,1.6903769969940186
5.78468132019043,-0.009184658527374268,2.0102741718292236,13.790224075317383,1.5319572687149048
4.128109455108643,-0.562827467918396,0.3136999309062958,32.9471549987793,2.173053503036499
0.0,0.0,0.0,0.0,0.0
7.751730918884277,-0.7100907564163208,0.4523029923439026,30.198135375976562,1.4446985721588135
7.860322952270508,-0.33054599165916443,0.21276414394378662,28.070314407348633,1.6797046661376953
0.0,0.0,0.0,0.0,0.0
11.05146598815918,0.7289718389511108,0.8688802719116211,30.058242797851562,1.907105803489685
25.36209487915039,0.48207777738571167,0.3095499873161316,58.98427200317383,1.4026414155960083
0.0,0.0,0.0,0.0,0.0
29.25267791748047,0.1147661879658699,9.205565452575684,50.89937973022461,1.0585064888000488
0.0,0.0,0.0,0.0,0.0
0.0,0.0,0.0,0.0,0.0
5.031891822814941,-0.6592092514038086,0.7235742807388306,16.9581356048584,1.3770438432693481
33.658119201660156,0.8583356142044067,0.5798825025558472,34.11997604370117,0.28574320673942566
7.236077308654785,-1.7112376689910889,0.2740568518638611,28.308059692382812,2.013046979904175
16.808982849121094,0.31422972679138184,1.1717169284820557,41.083927154541016,1.1770166158676147
19.057348251342773,-0.020700357854366302,3.5916011333465576,47.983863830566406,1.2021987438201904
45.1855354309082,0.7697624564170837,0.3658773601055145,39.22023010253906,0.2866913676261902
19.040592193603516,-0.45571449398994446,0.24660813808441162,47.45632553100586,0.7940872311592102
30.26998519897461,0.10920904576778412,24.778186798095703,51.9083366394043,0.6355811357498169
31.879941940307617,0.11372358351945877,22.694093704223633,44.41335678100586,0.47555893659591675
9.266839981079102,-0.5123312473297119,0.30321764945983887,29.100645065307617,0.9439039826393127
3.736095905303955,-0.3287631869316101,0.9218069911003113,13.026802062988281,1.1221288442611694
25.849437713623047,0.3221146762371063,0.699171781539917,48.51644515991211,0.76071697473526
45.31673812866211,0.4494646489620209,0.28150251507759094,42.82173538208008,0.22804388403892517
18.967212677001953,-0.34737417101860046,0.2667539417743683,40.313228607177734,0.6141476035118103
9.43790054321289,-0.6607928276062012,0.23502013087272644,35.240760803222656,1.2485123872756958
30.131023406982422,0.491677850484848,0.42701491713523865,44.513736724853516,0.4821529984474182
23.18277359008789,-0.37118470668792725,0.23538841307163239,58.684452056884766,0.896148145198822
0.0,0.0,0.0,0.0,0.0
16.67294692993164,-0.46177947521209717,0.2527681887149811,52.33013916015625,1.0506336688995361
0.0,0.0,0.0,0.0,0.0
38.88092041015625,1.13577139377594,0.4834350645542145,47.688446044921875,0.6251652836799622
9.207954406738281,-0.617572009563446,0.4672093093395233,22.83123016357422,1.1956758499145508
24.01777458190918,0.12499555200338364,3.4007811546325684,56.20421600341797,1.0494358539581299
0.0,0.0,0.0,0.0,0.0
26.32724380493164,-0.06766252219676971,49.175113677978516,39.35423278808594,0.18438905477523804
26.708974838256836,-0.0009865239262580872,64.28496551513672,42.87128448486328,0.2167518436908722
20.080280303955078,-0.7129632830619812,0.15027758479118347,62.79421615600586,0.9817972779273987
5.339613914489746,-0.6452784538269043,0.2991698384284973,31.312410354614258,1.4434950351715088
13.520902633666992,-0.06803379207849503,2.6847989559173584,53.01844787597656,1.328498125076294
36.48330307006836,0.9168984293937683,0.4666684865951538,33.91688919067383,0.28750187158584595
40.394935607910156,-0.010696470737457275,6.6443400382995605,46.79059600830078,0.3107456564903259
14.38746166229248,-0.42055097222328186,0.24956513941287994,37.9557991027832,0.7197073698043823
19.71630096435547,-0.2368752360343933,0.15980160236358643,51.751075744628906,0.9000630974769592
0.0,0.0,0.0,0.0,0.0
0.0,0.0,0.0,0.0,0.0
0.0,0.0,0.0,0.0,0.0
23.384479522705078,-0.3221173882484436,0.18797092139720917,64.46847534179688,0.991335391998291
24.375995635986328,0.09066007286310196,3.610548973083496,50.724143981933594,0.8514902591705322
0.0,0.0,0.0,0.0,0.0
5.8124260902404785,-1.0789309740066528,0.22707900404930115,31.926082611083984,1.2585009336471558
9.47060775756836,-0.7068773508071899,0.1218237653374672,42.74134826660156,1.562659740447998
14.68446159362793,0.1888754516839981,0.9736834764480591,34.76750183105469,1.0111536979675293
19.1726131439209,-0.02088133990764618,3.6219794750213623,47.29403305053711,1.0408434867858887
20.753929138183594,0.5850590467453003,0.30987608432769775,41.42067337036133,0.37883830070495605
41.51852035522461,-0.004392459988594055,6.561722278594971,56.880096435546875,0.440960168838501
0.0,0.0,0.0,0.0,0.0
0.0,0.0,0.0,0.0,0.0
0.0,0.0,0.0,0.0,0.0
23.471336364746094,-0.3760354220867157,0.18187139928340912,60.31442642211914,0.8195032477378845
0.0,0.0,0.0,0.0,0.0
24.515226364135742,-0.046497099101543427,31.80276870727539,35.44449996948242,0.30578985810279846
25.289772033691406,0.0049011558294296265,30.14997100830078,35.49189758300781,0.31845521926879883
0.0,0.0,0.0,0.0,0.0
19.040874481201172,-0.09221978485584259,21.521297454833984,29.352991104125977,0.25081300735473633
11.325406074523926,-1.0385546684265137,0.17878280580043793,50.161468505859375,1.4106996059417725
27.146451950073242,0.26094499230384827,0.7444820404052734,65.299072265625,0.8935170769691467
23.213665008544922,0.06296859681606293,25.781658172607422,46.94826889038086,0.8040043115615845
0.0,0.0,0.0,0.0,0.0
26.240867614746094,-0.4622451961040497,0.23199087381362915,63.685359954833984,0.6740526556968689
5.756077766418457,-0.31090104579925537,0.4759586751461029,20.551345825195312,0.9035671949386597
5.33996057510376,-0.3936055898666382,0.28065675497055054,24.571609497070312,1.2477126121520996
4.14638614654541,-0.5483534336090088,0.24070848524570465,29.457530975341797,1.6671565771102905
15.842069625854492,0.1496293842792511,3.177680253982544,53.52168655395508,1.3545167446136475
0.0,0.0,0.0,0.0,0.0
15.351885795593262,-0.1813146471977234,8.18309497833252,27.242109298706055,0.4899594783782959
23.61810874938965,-0.1261051446199417,3.7301623821258545,47.01713562011719,0.6590083241462708
20.45501136779785,-0.17688514292240143,1.9694229364395142,53.04487228393555,0.8465688228607178
0.0,0.0,0.0,0.0,0.0
0.0,0.0,0.0,0.0,0.0
0.0,0.0,0.0,0.0,0.0
21.534563064575195,-0.030141659080982208,29.265533447265625,37.334224700927734,0.44940924644470215
38.70405960083008,0.034883975982666016,29.180801391601562,62.80004119873047,0.45997610688209534
38.832393646240234,0.19413268566131592,5.2684173583984375,38.51588821411133,0.26212382316589355
47.7075309753418,0.059475965797901154,17.164878845214844,39.95922088623047,0.14439398050308228
33.81515884399414,-0.0454634428024292,5.8882856369018555,35.27814865112305,0.1517983376979828
8.557955741882324,-0.4078189730644226,0.25882935523986816,24.906661987304688,0.577960729598999
6.07269287109375,-1.0089191198349,0.15656819939613342,50.86213684082031,1.4965673685073853
0.0,0.0,0.0,0.0,0.0
15.577225685119629,0.2740785777568817,0.7443503737449646,43.888526916503906,1.2778955698013306
18.662492752075195,0.24168142676353455,0.3324891924858093,41.7623291015625,1.0020337104797363
37.98197937011719,0.6563049554824829,0.2698272466659546,49.247467041015625,0.29387739300727844
0.0,0.0,0.0,0.0,0.0
18.36260414123535,0.12416742742061615,17.28416633605957,27.542705535888672,0.5153936743736267
10.76327896118164,-0.8007179498672485,0.2564995288848877,40.72718048095703,1.3368386030197144
26.69546890258789,0.5510450005531311,0.43340468406677246,40.17555618286133,0.5677099823951721
11.124183654785156,-0.7499784231185913,0.2616698145866394,54.69818115234375,1.4084845781326294
34.41946792602539,0.8549333810806274,0.4079424738883972,37.4854736328125,0.30216363072395325
5.652199745178223,-1.2255715131759644,0.25401541590690613,45.47415542602539,1.5921401977539062
19.643692016601562,0.7280502915382385,0.5989794731140137,23.11684799194336,0.46757131814956665
0.0,0.0,0.0,0.0,0.0
22.753992080688477,-0.06472867727279663,27.654590606689453,34.59657669067383,0.37544798851013184
26.70808219909668,0.08554407209157944,47.8466911315918,40.10605239868164,0.3100523054599762
31.300933837890625,-0.09938637167215347,27.307870864868164,54.15061950683594,0.3960225582122803
0.0,0.0,0.0,0.0,0.0
0.0,0.0,0.0,0.0,0.0
23.210689544677734,-0.05839601904153824,14.21053695678711,40.77509689331055,0.39519548416137695
8.763045310974121,-1.1693230867385864,0.33179670572280884,20.91525650024414,1.6171575784683228
23.06920623779297,0.3305598199367523,0.8828995823860168,63.12578582763672,0.955160915851593
7.8605756759643555,-0.04941229894757271,3.118065118789673,13.507559776306152,0.8860018253326416
9.289573669433594,-0.3829643130302429,0.2694380283355713,34.11587905883789,1.3348230123519897
8.100316047668457,-0.06812740117311478,1.8955612182617188,24.478347778320312,1.2598352432250977
15.746288299560547,0.5416207313537598,0.5649688839912415,21.56206703186035,0.6812785267829895
0.0,0.0,0.0,0.0,0.0
7.283726692199707,-1.3895111083984375,0.3017789125442505,27.019718170166016,1.6085377931594849
26.67335319519043,0.36196547746658325,0.7328190207481384,59.29689025878906,0.8599594235420227
0.0,0.0,0.0,0.0,0.0
28.42490577697754,-0.44179627299308777,0.2545592784881592,65.48860168457031,0.7651789784431458
0.0,0.0,0.0,0.0,0.0
4.018360137939453,-1.3156087398529053,0.24394434690475464,39.10520553588867,1.6175260543823242
0.0,0.0,0.0,0.0,0.0
14.029243469238281,0.4950324594974518,1.1398818492889404,44.20948028564453,1.6082897186279297
30.474056243896484,0.6481521129608154,0.3079656660556793,54.14761734008789,0.8899427652359009
42.821922302246094,0.4768657386302948,0.2146333009004593,48.218711853027344,0.3400333523750305
2.2130661010742188,-1.5105013847351074,0.28517305850982666,41.42988967895508,1.9484899044036865
0.0,0.0,0.0,0.0,0.0
10.240784645080566,-0.29464298486709595,0.49378958344459534,24.081945419311523,0.6630990505218506
8.737324714660645,-0.7353641986846924,0.24503548443317413,35.75339889526367,1.4204261302947998
0.0,0.0,0.0,0.0,0.0
32.2509880065918,0.05239272117614746,36.620033264160156,46.774383544921875,0.49105945229530334
25.74919319152832,0.024268068373203278,31.044658660888672,36.90714645385742,0.40682098269462585
20.681608200073242,-0.023252420127391815,4.677224159240723,29.05925941467285,0.3906325101852417
0.0,0.0,0.0,0.0,0.0
0.0,0.0,0.0,0.0,0.0
25.85765266418457,-0.0554945170879364,29.930437088012695,38.68056106567383,0.3328503370285034
13.397598266601562,-0.7394719123840332,0.2102062851190567,48.62684631347656,1.1393468379974365
38.628746032714844,0.6744863986968994,0.41288718581199646,39.55525588989258,0.18624871969223022
0.0,0.0,0.0,0.0,0.0
14.368670463562012,-0.4589162766933441,0.24098928272724152,43.85438919067383,0.9241767525672913
7.677835464477539,-1.1262423992156982,0.3249480128288269,24.890243530273438,1.996737003326416
28.22153091430664,1.1660743951797485,0.6501548886299133,25.579330444335938,0.3792996108531952
41.74551010131836,-0.05506741255521774,40.11936950683594,66.42118072509766,0.4789837598800659
7.724421501159668,-1.220921516418457,0.34882786870002747,26.626522064208984,1.6842994689941406
25.67559814453125,0.47689089179039,0.8034902811050415,56.47849655151367,0.906359076499939
17.767717361450195,-0.3906463086605072,0.2247542440891266,60.681087493896484,1.3285728693008423
0.0,0.0,0.0,0.0,0.0
0.0,0.0,0.0,0.0,0.0
0.0,0.0,0.0,0.0,0.0
38.363277435302734,0.9851418137550354,0.36155053973197937,71.95512390136719,0.9479036927223206
-3.3081674575805664,-1.8750672340393066,0.34143829345703125,53.493919372558594,2.883676528930664
0.0,0.0,0.0,0.0,0.0
0.0,0.0,0.0,0.0,0.0
18.329391479492188,-0.3910384774208069,0.263253778219223,46.63917922973633,0.9644789695739746
41.913612365722656,0.24665531516075134,2.012066602706909,73.95237731933594,0.7657289505004883
0.0,0.0,0.0,0.0,0.0
0.0,0.0,0.0,0.0,0.0
17.054912567138672,-1.0295590162277222,0.13461977243423462,58.273860931396484,1.1101925373077393
33.03632736206055,0.44271042943000793,0.42206788063049316,35.44776153564453,0.247763991355896
39.28299331665039,-0.06564943492412567,4.879477024078369,54.199462890625,0.33159592747688293
26.705169677734375,-0.0985369011759758,4.065125465393066,45.36275100708008,0.41682302951812744
0.0,0.0,0.0,0.0,0.0
4.408112049102783,-1.2953824996948242,0.19982555508613586,35.08692169189453,1.4455375671386719
6.791913032531738,-0.9610116481781006,0.12305480986833572,55.83684539794922,1.9126667976379395
29.500185012817383,0.7967942953109741,0.45063915848731995,42.26576232910156,0.5806596279144287
32.904884338378906,0.028455570340156555,31.35645866394043,52.679412841796875,0.5570700168609619
13.69795036315918,-0.24285277724266052,1.4453039169311523,36.13908767700195,0.6845777630805969
-1.3723106384277344,-1.5726901292800903,0.31057870388031006,41.71039962768555,2.3908193111419678
22.08383560180664,0.7378600239753723,0.7140434980392456,54.05735778808594,1.1904088258743286
25.848493576049805,0.06508483737707138,3.379906177520752,63.995296478271484,1.1295324563980103
5.810482978820801,-0.387307345867157,0.69821697473526,20.518356323242188,1.4141656160354614
47.705650329589844,0.9828141331672668,0.4220828711986542,42.20491409301758,0.2491227388381958
13.218751907348633,-0.9593736529350281,0.22451236844062805,50.519466400146484,1.2338435649871826
7.0797343254089355,-0.4540824294090271,0.24470536410808563,29.6286563873291,1.4868141412734985
0.0,0.0,0.0,0.0,0.0
0.0,0.0,0.0,0.0,0.0
30.081689834594727,-0.17601168155670166,21.77074432373047,57.545475006103516,0.7136353254318237
8.698282241821289,-0.971571147441864,0.24188585579395294,54.29713439941406,1.7858240604400635
19.671085357666016,0.5592501163482666,0.5691365599632263,34.748924255371094,0.9587152004241943
17.02635955810547,0.08422394096851349,15.71946907043457,27.787338256835938,0.8531332015991211
17.178882598876953,-0.330777645111084,0.3599030077457428,51.04135513305664,1.220362663269043
5.394439697265625,-0.8318395614624023,0.29651376605033875,44.905548095703125,2.0989959239959717
3.1247286796569824,-0.9920976161956787,0.383459210395813,30.229949951171875,3.013261556625366
0.0,0.0,0.0,0.0,0.0
0.0,0.0,0.0,0.0,0.0
0.0,0.0,0.0,0.0,0.0
23.58951759338379,0.005989968776702881,15.322059631347656,21.78958511352539,0.1400916874408722
37.71019744873047,-0.056875765323638916,46.76287078857422,49.13813781738281,0.20737722516059875
23.252452850341797,-0.6265333890914917,0.17542293667793274,64.6758041381836,0.9087656140327454
16.75153923034668,-0.004870124161243439,7.684844970703125,35.99464797973633,0.756898820400238
4.3382568359375,-0.7768450975418091,0.3514569103717804,31.488765716552734,1.5801321268081665
24.713756561279297,0.43438225984573364,0.6065463423728943,51.48717498779297,0.9417756199836731
0.0,0.0,0.0,0.0,0.0
0.0,0.0,0.0,0.0,0.0
33.596527099609375,-0.31319138407707214,0.21035948395729065,61.37944030761719,0.48665565252304077
27.889389038085938,0.0014918670058250427,34.6451301574707,47.04085159301758,0.437491774559021
0.0,0.0,0.0,0.0,0.0
0.0,0.0,0.0,0.0,0.0
18.27071762084961,-0.8617088794708252,0.1874186396598816,61.96589279174805,1.0186430215835571
12.815557479858398,-0.29699647426605225,0.14714698493480682,42.5506477355957,1.1461604833602905
15.310184478759766,0.024501070380210876,3.8331737518310547,39.09610366821289,1.0004312992095947
19.196813583374023,0.4819268584251404,0.3777122497558594,25.95914077758789,0.4470141530036926
0.0,0.0,0.0,0.0,0.0
3.7925994396209717,-1.1264692544937134,0.22701436281204224,25.268638610839844,1.2161633968353271
30.626453399658203,0.09888256341218948,35.483951568603516,66.5784912109375,0.6379607915878296
0.0,0.0,0.0,0.0,0.0
27.17573356628418,0.07288560271263123,68.5051040649414,40.86896514892578,0.26345211267471313
29.14269256591797,-0.17464914917945862,3.8499605655670166,49.88323974609375,0.36863839626312256
12.620186805725098,-0.6499181985855103,0.22692334651947021,48.15061950683594,1.105404019355774
45.693016052246094,0.5870722532272339,0.371708482503891,53.86907196044922,0.3195335865020752
0.0,0.0,0.0,0.0,0.0
35.645545959472656,0.07355637848377228,32.6703987121582,54.43550109863281,0.43865126371383667
37.19442367553711,-0.13474738597869873,3.906315326690674,69.50003814697266,0.5364071726799011
24.59076690673828,0.036229535937309265,25.872520446777344,39.461971282958984,0.4866347312927246
11.884990692138672,-0.7254883050918579,0.24226537346839905,57.947078704833984,1.2669320106506348
31.444652557373047,0.8400506377220154,0.5120572447776794,35.63417053222656,0.15035885572433472
7.650230407714844,-0.9850388765335083,0.22152742743492126,36.705745697021484,1.1598832607269287
10.034906387329102,-0.021892964839935303,6.965324878692627,24.904621124267578,0.8406410217285156
14.860038757324219,0.07703585177659988,17.80806541442871,32.55371856689453,0.8154838681221008
23.81153678894043,0.011547043919563293,25.054466247558594,56.25208282470703,0.8331397771835327
15.164599418640137,0.03855627775192261,22.38263511657715,26.773395538330078,0.742868959903717
0.0,0.0,0.0,0.0,0.0
23.23248291015625,-0.050918594002723694,33.66968536376953,31.74364471435547,0.20623177289962769
26.749649047851562,-0.01785311847925186,35.91719055175781,35.48859786987305,0.24812693893909454
20.048227310180664,-0.03527374565601349,26.11745834350586,30.404109954833984,0.28901800513267517
36.22603988647461,-0.1743866205215454,3.558192014694214,68.11900329589844,0.48342806100845337
3.7366065979003906,-0.9880883693695068,0.3363353908061981,37.65092468261719,1.4844298362731934
28.22052001953125,0.573947548866272,0.45747941732406616,52.41543197631836,0.6766675114631653
0.0,0.0,0.0,0.0,0.0
15.829824447631836,-0.7268822193145752,0.2237538993358612,62.57954406738281,1.155037760734558
12.090950012207031,-0.16357484459877014,1.7217111587524414,39.89594650268555,1.1519794464111328
23.684307098388672,0.30539390444755554,0.4888469874858856,48.383705139160156,0.8730663061141968
5.611888408660889,-0.2873786687850952,0.742281973361969,17.654857635498047,1.098559021949768
37.29920196533203,0.5646588802337646,0.36268895864486694,56.302894592285156,0.4771880507469177
14.359123229980469,-0.6739999055862427,0.2613811790943146,52.811973571777344,1.1933673620224
7.094316482543945,-0.2908053994178772,0.3814030885696411,26.43987274169922,1.3682713508605957
0.0,0.0,0.0,0.0,0.0
0.0,0.0,0.0,0.0,0.0
27.996896743774414,0.06287740916013718,81.22959899902344,34.87643051147461,0.08953160047531128
12.647979736328125,-0.6573401689529419,0.1499442160129547,35.16983413696289,0.7244020700454712
19.957347869873047,0.021025247871875763,27.44611358642578,35.03152084350586,0.428150475025177
6.510821342468262,-0.9144355654716492,0.21739426255226135,48.19785690307617,1.416467308998108
28.36446189880371,0.29214856028556824,0.6890678405761719,67.30197143554688,0.8901208639144897
30.879741668701172,0.13363897800445557,25.56489372253418,56.947025299072266,0.736044704914093
13.679450988769531,-0.09705917537212372,22.362186431884766,29.204116821289062,0.7204826474189758
35.86750411987305,0.45804545283317566,0.35487791895866394,38.08697509765625,0.26217034459114075
29.668699264526367,-0.00751148909330368,45.73175811767578,41.20179748535156,0.2865845561027527
0.0,0.0,0.0,0.0,0.0
47.65771484375,-0.015315048396587372,6.379850387573242,51.50901794433594,0.20676647126674652
11.190430641174316,-1.0071502923965454,0.16993501782417297,58.93393325805664,1.2603623867034912
37.70500183105469,0.7065554261207581,0.4712831974029541,37.59716033935547,0.15989576280117035
7.431099891662598,-1.163950800895691,0.22566276788711548,59.49359893798828,1.3518885374069214
31.29648208618164,0.7069215178489685,0.5127213001251221,34.07015609741211,0.3449632525444031
0.0,0.0,0.0,0.0,0.0
22.057147979736328,-0.6303621530532837,0.18954011797904968,64.49958801269531,0.8429153561592102
10.85446548461914,0.008898749947547913,3.311756134033203,20.659154891967773,0.6812224984169006
9.499974250793457,-0.7539511322975159,0.23685505986213684,34.149147033691406,1.514780044555664
0.0,0.0,0.0,0.0,0.0
0.0,0.0,0.0,0.0,0.0
18.994091033935547,-0.7096614837646484,0.12640300393104553,54.78388214111328,0.8024379014968872
26.900146484375,0.11876112222671509,17.79188346862793,42.68077087402344,0.4299730956554413
35.20763397216797,-0.0014486461877822876,34.42953872680664,57.83610916137695,0.41797685623168945
11.887453079223633,-0.8732666373252869,0.21778486669063568,47.77617263793945,1.3508633375167847
38.86640167236328,0.6245879530906677,0.3423733413219452,61.06181716918945,0.49309247732162476
16.540800094604492,-0.4846170246601105,0.249014213681221,50.11492156982422,1.0154061317443848
0.0,0.0,0.0,0.0,0.0
15.406906127929688,-0.2516392767429352,0.40573224425315857,38.77010726928711,0.7121341228485107
16.761869430541992,0.2844890356063843,0.4549524486064911,22.332847595214844,0.35888513922691345
41.57203674316406,0.15081152319908142,4.585267543792725,45.97303009033203,0.3002620339393616
37.18189239501953,-0.09383111447095871,27.027114868164062,60.85044860839844,0.3661631941795349
0.0,0.0,0.0,0.0,0.0
16.748004913330078,0.014846853911876678,17.312435150146484,32.273616790771484,0.5972293019294739
7.199260711669922,-0.5761055946350098,0.32361871004104614,35.45291519165039,1.2111610174179077
4.059964179992676,-0.24640563130378723,0.873681366443634,17.476064682006836,1.311686396598816
0.0,0.0,0.0,0.0,0.0
28.942852020263672,1.2797150611877441,0.5385503768920898,41.45413589477539,0.8092465996742249
0.0,0.0,0.0,0.0,0.0
0.0,0.0,0.0,0.0,0.0
5.4217987060546875,-0.955926775932312,0.2764364778995514,30.42471694946289,1.2078009843826294
33.221458435058594,0.450726181268692,0.4906996488571167,50.25137710571289,0.39698120951652527
25.736806869506836,0.015151053667068481,54.43526840209961,40.2130126953125,0.3521610200405121
11.503690719604492,-0.4757930338382721,0.25500744581222534,37.959930419921875,0.8430692553520203
0.0,0.0,0.0,0.0,0.0
8.817084312438965,-0.4267277121543884,0.2441701889038086,23.114566802978516,0.5091192722320557
5.65047025680542,-0.8574241399765015,0.298127681016922,17.215694427490234,1.2194554805755615
36.19112014770508,0.41074320673942566,0.5494692325592041,60.434696197509766,0.4769223928451538
0.0,0.0,0.0,0.0,0.0
0.0,0.0,0.0,0.0,0.0
36.74428176879883,-0.1935756802558899,0.2246478796005249,67.00923156738281,0.49266913533210754
6.694939613342285,-0.914818525314331,0.2372351884841919,48.30592727661133,1.4262131452560425
23.018808364868164,0.22136545181274414,0.8970261216163635,60.651695251464844,1.0108813047409058
